{"alphabet":["i","m","s","y"],"states":[{"accepting":false,"name":"{}","starting":false},{"accepting":true,"name":"{0,1,2,3,5,8,9,10,11,13,16,21}","starting":true},{"accepting":true,"name":"{2,3,5,6,7,8,12,15,18,19,21}","starting":false},{"accepting":true,"name":"{2,3,4,5,7,8,14,15,18,19,21}","starting":false},{"accepting":false,"name":"{17,18,19}","starting":false},{"accepting":true,"name":"{2,3,4,5,7,8,21}","starting":false},{"accepting":true,"name":"{2,3,5,6,7,8,21}","starting":false},{"accepting":true,"name":"{20,21}","starting":false}],"transitions":[{"from":"{0,1,2,3,5,8,9,10,11,13,16,21}","input":"i","to":"{17,18,19}"},{"from":"{0,1,2,3,5,8,9,10,11,13,16,21}","input":"m","to":"{2,3,4,5,7,8,14,15,18,19,21}"},{"from":"{0,1,2,3,5,8,9,10,11,13,16,21}","input":"s","to":"{}"},{"from":"{0,1,2,3,5,8,9,10,11,13,16,21}","input":"y","to":"{2,3,5,6,7,8,12,15,18,19,21}"},{"from":"{17,18,19}","input":"i","to":"{}"},{"from":"{17,18,19}","input":"m","to":"{}"},{"from":"{17,18,19}","input":"s","to":"{20,21}"},{"from":"{17,18,19}","input":"y","to":"{}"},{"from":"{}","input":"i","to":"{}"},{"from":"{}","input":"m","to":"{}"},{"from":"{}","input":"s","to":"{}"},{"from":"{}","input":"y","to":"{}"},{"from":"{20,21}","input":"i","to":"{}"},{"from":"{20,21}","input":"m","to":"{}"},{"from":"{20,21}","input":"s","to":"{}"},{"from":"{20,21}","input":"y","to":"{}"},{"from":"{2,3,4,5,7,8,14,15,18,19,21}","input":"i","to":"{}"},{"from":"{2,3,4,5,7,8,14,15,18,19,21}","input":"m","to":"{2,3,4,5,7,8,21}"},{"from":"{2,3,4,5,7,8,14,15,18,19,21}","input":"s","to":"{20,21}"},{"from":"{2,3,4,5,7,8,14,15,18,19,21}","input":"y","to":"{2,3,5,6,7,8,21}"},{"from":"{2,3,4,5,7,8,21}","input":"i","to":"{}"},{"from":"{2,3,4,5,7,8,21}","input":"m","to":"{2,3,4,5,7,8,21}"},{"from":"{2,3,4,5,7,8,21}","input":"s","to":"{}"},{"from":"{2,3,4,5,7,8,21}","input":"y","to":"{2,3,5,6,7,8,21}"},{"from":"{2,3,5,6,7,8,21}","input":"i","to":"{}"},{"from":"{2,3,5,6,7,8,21}","input":"m","to":"{2,3,4,5,7,8,21}"},{"from":"{2,3,5,6,7,8,21}","input":"s","to":"{}"},{"from":"{2,3,5,6,7,8,21}","input":"y","to":"{2,3,5,6,7,8,21}"},{"from":"{2,3,5,6,7,8,12,15,18,19,21}","input":"i","to":"{}"},{"from":"{2,3,5,6,7,8,12,15,18,19,21}","input":"m","to":"{2,3,4,5,7,8,21}"},{"from":"{2,3,5,6,7,8,12,15,18,19,21}","input":"s","to":"{20,21}"},{"from":"{2,3,5,6,7,8,12,15,18,19,21}","input":"y","to":"{2,3,5,6,7,8,21}"}],"type":"DFA"}