{"alphabet":["i","m","s","y"],"eps":"e","states":[{"accepting":false,"name":"0","starting":true},{"accepting":true,"name":"21","starting":false},{"accepting":false,"name":"1","starting":false},{"accepting":false,"name":"2","starting":false},{"accepting":false,"name":"3","starting":false},{"accepting":false,"name":"4","starting":false},{"accepting":false,"name":"5","starting":false},{"accepting":false,"name":"6","starting":false},{"accepting":false,"name":"7","starting":false},{"accepting":false,"name":"8","starting":false},{"accepting":false,"name":"9","starting":false},{"accepting":false,"name":"10","starting":false},{"accepting":false,"name":"11","starting":false},{"accepting":false,"name":"12","starting":false},{"accepting":false,"name":"13","starting":false},{"accepting":false,"name":"14","starting":false},{"accepting":false,"name":"15","starting":false},{"accepting":false,"name":"16","starting":false},{"accepting":false,"name":"17","starting":false},{"accepting":false,"name":"18","starting":false},{"accepting":false,"name":"19","starting":false},{"accepting":false,"name":"20","starting":false}],"transitions":[{"from":"0","input":"e","to":"1"},{"from":"0","input":"e","to":"9"},{"from":"20","input":"e","to":"21"},{"from":"8","input":"e","to":"21"},{"from":"1","input":"e","to":"2"},{"from":"1","input":"e","to":"8"},{"from":"7","input":"e","to":"8"},{"from":"7","input":"e","to":"2"},{"from":"2","input":"e","to":"3"},{"from":"2","input":"e","to":"5"},{"from":"6","input":"e","to":"7"},{"from":"4","input":"e","to":"7"},{"from":"18","input":"e","to":"19"},{"from":"9","input":"e","to":"10"},{"from":"9","input":"e","to":"16"},{"from":"17","input":"e","to":"18"},{"from":"15","input":"e","to":"18"},{"from":"10","input":"e","to":"11"},{"from":"10","input":"e","to":"13"},{"from":"14","input":"e","to":"15"},{"from":"12","input":"e","to":"15"},{"from":"3","input":"m","to":"4"},{"from":"5","input":"y","to":"6"},{"from":"11","input":"y","to":"12"},{"from":"13","input":"m","to":"14"},{"from":"16","input":"i","to":"17"},{"from":"19","input":"s","to":"20"}],"type":"ENFA"}