{"alphabet":["d","i","t"],"states":[{"accepting":false,"name":"({{0}},{{0,1,2,4,7}})","starting":true},{"accepting":true,"name":"({{1,2}},{{3,6,9}, {5,6,9}, {8,9}})","starting":false},{"accepting":true,"name":"({{}},{{3,6,9}, {5,6,9}, {8,9}})","starting":false},{"accepting":false,"name":"({{}},{{}})","starting":false},{"accepting":false,"name":"({{3,4}},{{}})","starting":false},{"accepting":true,"name":"({{5}},{{}})","starting":false}],"transitions":[{"from":"({{0}},{{0,1,2,4,7}})","input":"d","to":"({{1,2}},{{3,6,9}, {5,6,9}, {8,9}})"},{"from":"({{0}},{{0,1,2,4,7}})","input":"i","to":"({{}},{{3,6,9}, {5,6,9}, {8,9}})"},{"from":"({{0}},{{0,1,2,4,7}})","input":"t","to":"({{}},{{3,6,9}, {5,6,9}, {8,9}})"},{"from":"({{1,2}},{{3,6,9}, {5,6,9}, {8,9}})","input":"d","to":"({{}},{{}})"},{"from":"({{1,2}},{{3,6,9}, {5,6,9}, {8,9}})","input":"i","to":"({{3,4}},{{}})"},{"from":"({{1,2}},{{3,6,9}, {5,6,9}, {8,9}})","input":"t","to":"({{}},{{}})"},{"from":"({{}},{{3,6,9}, {5,6,9}, {8,9}})","input":"d","to":"({{}},{{}})"},{"from":"({{}},{{3,6,9}, {5,6,9}, {8,9}})","input":"i","to":"({{}},{{}})"},{"from":"({{}},{{3,6,9}, {5,6,9}, {8,9}})","input":"t","to":"({{}},{{}})"},{"from":"({{}},{{}})","input":"d","to":"({{}},{{}})"},{"from":"({{}},{{}})","input":"i","to":"({{}},{{}})"},{"from":"({{}},{{}})","input":"t","to":"({{}},{{}})"},{"from":"({{3,4}},{{}})","input":"d","to":"({{}},{{}})"},{"from":"({{3,4}},{{}})","input":"i","to":"({{}},{{}})"},{"from":"({{3,4}},{{}})","input":"t","to":"({{5}},{{}})"},{"from":"({{5}},{{}})","input":"d","to":"({{}},{{}})"},{"from":"({{5}},{{}})","input":"i","to":"({{}},{{}})"},{"from":"({{5}},{{}})","input":"t","to":"({{}},{{}})"}],"type":"DFA"}