{"alphabet":["d","i","t"],"states":[{"accepting":true,"name":"{{3,6,9}, {5,6,9}, {8,9}}","starting":false},{"accepting":false,"name":"{{0,1,2,4,7}}","starting":true},{"accepting":false,"name":"{{}}","starting":false}],"transitions":[{"from":"{{3,6,9}, {5,6,9}, {8,9}}","input":"d","to":"{{}}"},{"from":"{{3,6,9}, {5,6,9}, {8,9}}","input":"i","to":"{{}}"},{"from":"{{3,6,9}, {5,6,9}, {8,9}}","input":"t","to":"{{}}"},{"from":"{{0,1,2,4,7}}","input":"d","to":"{{3,6,9}, {5,6,9}, {8,9}}"},{"from":"{{0,1,2,4,7}}","input":"i","to":"{{3,6,9}, {5,6,9}, {8,9}}"},{"from":"{{0,1,2,4,7}}","input":"t","to":"{{3,6,9}, {5,6,9}, {8,9}}"},{"from":"{{}}","input":"d","to":"{{}}"},{"from":"{{}}","input":"i","to":"{{}}"},{"from":"{{}}","input":"t","to":"{{}}"}],"type":"DFA"}