{"alphabet":["d","i","t"],"eps":"e","states":[{"accepting":false,"name":"0","starting":true},{"accepting":true,"name":"9","starting":false},{"accepting":false,"name":"1","starting":false},{"accepting":false,"name":"2","starting":false},{"accepting":false,"name":"3","starting":false},{"accepting":false,"name":"4","starting":false},{"accepting":false,"name":"5","starting":false},{"accepting":false,"name":"6","starting":false},{"accepting":false,"name":"7","starting":false},{"accepting":false,"name":"8","starting":false}],"transitions":[{"from":"0","input":"e","to":"1"},{"from":"0","input":"e","to":"7"},{"from":"8","input":"e","to":"9"},{"from":"6","input":"e","to":"9"},{"from":"1","input":"e","to":"2"},{"from":"1","input":"e","to":"4"},{"from":"5","input":"e","to":"6"},{"from":"3","input":"e","to":"6"},{"from":"2","input":"d","to":"3"},{"from":"4","input":"i","to":"5"},{"from":"7","input":"t","to":"8"}],"type":"ENFA"}