{"alphabet":["q","r"],"states":[{"accepting":false,"name":"({0,1,3},{0})","starting":true},{"accepting":true,"name":"({2,5},{1,2})","starting":false},{"accepting":true,"name":"({4,5},{})","starting":false},{"accepting":false,"name":"({},{})","starting":false},{"accepting":true,"name":"({},{3})","starting":false}],"transitions":[{"from":"({0,1,3},{0})","input":"q","to":"({2,5},{1,2})"},{"from":"({0,1,3},{0})","input":"r","to":"({4,5},{})"},{"from":"({2,5},{1,2})","input":"q","to":"({},{})"},{"from":"({2,5},{1,2})","input":"r","to":"({},{3})"},{"from":"({4,5},{})","input":"q","to":"({},{})"},{"from":"({4,5},{})","input":"r","to":"({},{})"},{"from":"({},{})","input":"q","to":"({},{})"},{"from":"({},{})","input":"r","to":"({},{})"},{"from":"({},{3})","input":"q","to":"({},{})"},{"from":"({},{3})","input":"r","to":"({},{})"}],"type":"DFA"}